Canada;Artificial Intelligence (Ai);Business Innovation Policy Strategies;Cluster Policies;Collaborative Research And Innovation;Digital Transformation Of Firms;Ethics Of Emerging Technologies;Financial Support To Business R&D And Innovation;Horizontal Policy Coordination;Intersectoral Mobility;Multi-Stakeholder Engagement;National Sti Plan Or Strategy;Non-Financial Support To Business R&D And Innovation;Open Science And Enhanced Access To Publications And Research Data;Research And Innovation For Developing Countries;Research And Innovation For Society Strategy;Science, Technology And Innovation Culture;Stimulating Demand For Innovation And Market Creation;Strategic Policy Intelligence;Targeted Support To Smes;Transfer And Sharing Strategies
Tri-Agency Open Access Policy On Publications;;;;;;;;;;;;; Open Science And Enhanced Access To Publications And Research Data;;;;;;;
Federal Science Libraries Network;;;;;;;;;;;;; Open Science And Enhanced Access To Publications And Research Data;;;;;;;
Synchrotron-Light For Experimental Science And Applications In The Middle East;;;;;;;;;;;;;;;;;;;;
Group Of Senior Officials On Global Research Infrastructures;;;;;;;;;;;;;;;;;;;;
Cyberinfrastructure Initiative;;;;;;;;;;;;;;;;;;;;
Sex And Gender Analysis In Granting Agency Programs;;;;;;;;;;;;;;;;;;;;
Pan-Canadian Artificial Intelligence Strategy;;;Cluster Policies;Collaborative Research And Innovation;;Ethics Of Emerging Technologies;;;;;;;;;;;;;;
Canadian Institutes Of Health Research Funding Programs;;;;;;;;;;;;;;;;;;;;
Best Brains Exchange;;;;;;;;;;Multi-Stakeholder Engagement;;;;;;;;Strategic Policy Intelligence;;
Innovation Superclusters Initiative;;;;;Digital Transformation Of Firms;;Financial Support To Business R&D And Innovation;;;;;Non-Financial Support To Business R&D And Innovation;;;;;Stimulating Demand For Innovation And Market Creation;;;
Canexport Innovation;;;;Collaborative Research And Innovation;;;Financial Support To Business R&D And Innovation;;;;;Non-Financial Support To Business R&D And Innovation;;;;;;;Targeted Support To Smes;
Clean Growth Hub;;;;;;;;;;;;Non-Financial Support To Business R&D And Innovation;;;;;;;Targeted Support To Smes;
Clean Technology Data Strategy;;;;;;;;;;Multi-Stakeholder Engagement;;;;;;;;;;
Futurpreneur Canada;;;;;;;;;;;;;;;;;;;;
Venture Capital Catalyst Initiative;;Business Innovation Policy Strategies;;;;;Financial Support To Business R&D And Innovation;;;;;;;;;;;;Targeted Support To Smes;
Innovation And Skills Plan;;Business Innovation Policy Strategies;;;;;;;;;;;;;;;;;;
Canada Research Coordinating Committee;;;;;;;;Horizontal Policy Coordination;;;;;;;;;;;;
Tri-Agency Framework: Responsible Conduct Of Research;;;;;;;;;;;;;;;;;;;;
Lets Talk Science;;;;;;;;;;;;;;;;Science, Technology And Innovation Culture;;;;
(Nserc) Innovation: Research Partnerships;;;;Collaborative Research And Innovation;;;;;;;;;;;;;;;;
Global Skills Strategy;;;;;;;;;;;;;;;;;;;;
Strategic Innovation Fund - Stream 1-3;;;;;Digital Transformation Of Firms;;Financial Support To Business R&D And Innovation;;;;;;;;;;;;;
Innovation Solutions Canada;;;;;Digital Transformation Of Firms;;;;;;;;;;;;;;Targeted Support To Smes;
Scientific Research And Experimental Development Tax Incentive Program;;;;;Digital Transformation Of Firms;;Financial Support To Business R&D And Innovation;;;;;;;;;;;;;
Atlantic Immigration Pilot Program;;;;;;;;;;;;;;;;;;;;
Clean Technology Financing;;;;;;;Financial Support To Business R&D And Innovation;;;;;;;;;;;;;
Sustainable Development Technology Canada;;;;;;;Financial Support To Business R&D And Innovation;;;;;;;;;;;;;
Industrial Research Assistance Program;;;Cluster Policies;;;;Financial Support To Business R&D And Innovation;;;;;Non-Financial Support To Business R&D And Innovation;;;;;;;Targeted Support To Smes;
Defence Procurement Strategy;;;;;;;;;;;;;;;;;Stimulating Demand For Innovation And Market Creation;;;
Consultations With Non-Governmental Stakeholders On Sti Policy Initiatives;;;;;;;;;;;;;;;;;;;;
Networks Of Centres Of Excellence Programmes;;;;Collaborative Research And Innovation;;;;;;;;;;;;;;;;
Ip Agent-Client Privilege;;;;;;;;;;;;;;;;;;;;
Amendments To The Patented Medicines Regulations;;;;;;;;;;;;;;;;;;;;
International Intellectual Property Treaties;;;;;;;;;;;;;;;;;;;;
Nserc Policy On Intellectual Property;;;;;;;;;;;;;;;;;;;;
Canadian International Innovation Program;;;;;;;Financial Support To Business R&D And Innovation;;;;;;;;;;;;Targeted Support To Smes;
Start-Up Visa Pilot Program;;;;;;;;;;;;;;;;;;;;
International S&T Partnerships;;;;;;;;;;;;;;;;;;;;
International Education Strategy;;;;;;;;;;;;;;;;;;;;
Canadian Experience Class;;;;;;;;;;;;;;;;;;;;
Express Entry;;;;;;;;;;;;;;;;;;;;
Federal Skilled Workers Program;;;;;;;;;;;;;;;;;;;;
International Student Program;;;;;;;;;;;;;;;;;;;;
Indspire;;;;;;;;;;;;;;;;;;;;
Youth Employment And Skills Strategy;;;;;;;;;;;;;;;;;;;;
Science.Gc.Ca;;;;;;;;;;;;;;;;Science, Technology And Innovation Culture;;;;
Directive On Automated Decision-Making;;;;;;Ethics Of Emerging Technologies;;;;;;;;;;;;;;
Canarie;;;;;;;;;;;;;;;;;;;;
Algorithmic Impact Assessment;;;;;;Ethics Of Emerging Technologies;;;;;;;;;;;;;;
Centre For Drug Research And Development;;;;;;;;;;;;;;;;;;;;
Council Of Canadian Academies;;;;;;;;;;;;;;;;;;Strategic Policy Intelligence;;
Stem Cell Network;;;;Collaborative Research And Innovation;;Ethics Of Emerging Technologies;;;;;;;;;;;;;;
Deputy Ministers Committee On Science And Technology;;;;;;;;Horizontal Policy Coordination;;;;;;;;;;;;
New Frontiers In Research Fund;;;;;;;;;;;;;;;;;;;;
Strategic Innovation Fund -Funding Streams 4-5;;;;;;;Financial Support To Business R&D And Innovation;;;;;;;;Research And Innovation For Society Strategy;;;;Targeted Support To Smes;
Tri-Agency Research Chairs Programs;;;;;;;;;;;;;;;;;;;;
Business Benefits Finder (Innovation Portal);;;;;;;;;;;;Non-Financial Support To Business R&D And Innovation;;;;;;;;
Tri-Agency Scholarships And Fellowships Programs;;;;;;;;;;;;;;;;;;;;
Social Science And Humanities Connection Program;;;;;;;;;;;;;;;;;;;;
Accelerated Growth Service;;;;;;;;;;;;Non-Financial Support To Business R&D And Innovation;;;;;;;;
Innovative Solutions Canada;;;;;;;Financial Support To Business R&D And Innovation;;;;;;;;;;Stimulating Demand For Innovation And Market Creation;;Targeted Support To Smes;
G7 Science Stream;;;;;;;;;;;;;;;;;;;;
United Nations Commission On Science And Technology For Development;;;;;;;;;;;;;;;;;;;;
Citizen Science;;;;;;;;;;Multi-Stakeholder Engagement;;;;;;;;;;
Experimentation Works;;;;;;;;;;;;;;;;;;;;
Directive On Open Government;;;;;;;;;;;;;Open Science And Enhanced Access To Publications And Research Data;;;;;;;
Canada's Digital Charter;;;;;;Ethics Of Emerging Technologies;;;;;;;;;;;;;;
Industrial And Technological Benefits Policy;;;;;;;;;;;;;;;;;Stimulating Demand For Innovation And Market Creation;;;
Carnegie Group Meeting Of Science Ministers / Chief Science Advisors;;;;;;;;;;;;;;;;;;;;
International Development Research Centre;;;;;;;;;;;;;;Research And Innovation For Developing Countries;;;;;;
Global Partnership On Artificial Intelligence;;;;;;Ethics Of Emerging Technologies;;;;;;;;;;;;;;
Economic Strategy Tables;;;;;;;;;;;;;;;;;;Strategic Policy Intelligence;;
Temporary Foreign Worker Program;;;;;;;;;;;;;;;;;;;;
Canadian Association Of Research Libraries (Carl) And Openaire;;;;;;;;;;;;;Open Science And Enhanced Access To Publications And Research Data;;;;;;;
Treasury Board Secretariat Policy On Results;;;;;;;;;;;;;;;;;;;;
Evolving The National Research Council Of Canada Into A Collaborative Platform;;;;;;;;;;;;;;;;;;;;
Nrc's Directory Of Science Professionals;;;;;;;;;;;;;Open Science And Enhanced Access To Publications And Research Data;;;;;;;
Nrc Digital Repository And Publications Archive;;;;;;;;;;;;;Open Science And Enhanced Access To Publications And Research Data;;;;;;;
International Astronomical Observatories Program;;;;;;;;;;;;;;;;;;;;
Nrc Grants To International Affiliations;;;;;;;;;;;;;;;;;;;;
Nrc Collaboration Centres;;;;Collaborative Research And Innovation;;;;;;;;;;;;;;;;
Nrc Challenge Programs;;;;Collaborative Research And Innovation;;;;;;;;;;;;;;;;
Nrc Ideation Funding;;;;;;;;;;;;;;;;;;;;
Nrc Supercluster Support Programs;;;Cluster Policies;;;;;;;;;;;;;;;;;
Nrc Intellectual Property Licensing;;;;;;;;;;;;;;;;;;;;
Gender Based Analysis +;;;;;;;;;;;;;;;;;;;;
Full-Time University And College Academic Staff System;;;;;;;;;;;;;;;;;;Strategic Policy Intelligence;;
Growth Through Innovation: Business Scale Up And Productivity;;;;;Digital Transformation Of Firms;;Financial Support To Business R&D And Innovation;;;;;;;;;;;;;
Growth Through Innovation: Regional Innovation Ecosystem Stream;;;Cluster Policies;Collaborative Research And Innovation;;;;;;;;Non-Financial Support To Business R&D And Innovation;;;;;;;;
Community Economic Development And Diversification;;;;;;;;;;;;;;;;;;;;
Small Business Services;;;;;;;;;;;;;;;;;;;;
Women Entrepreneurship Strategy;;Business Innovation Policy Strategies;;;;;;;;;;;;;;;;;;
Women Entrepreneurship Fund;;;;;;;Financial Support To Business R&D And Innovation;;;;;;;;;;;;;
Women Entrepreneurship Strategy Ecosystem Fund;;;;;;;;;;;;;;;;;;;;
International Mobility Program;;;;;;;;;;;;;;;;;;;;
Post-Graduation Work Permit;;;;;;;;;;;;;;;;;;;;
Cybersecure Canada;;;;;;;;;;;;;;;;;;;;
National Research Council Of Canada Value And Ethics;;;;;;;;;;;;;;;;;;;;
Gender And Diversity Based Analysis In The National Research Council;;;;;;;;;;;;;;;;;;;;
Canadian Astronomy Data Centre;;;;;;;;;;;;;Open Science And Enhanced Access To Publications And Research Data;;;;;;;
Canadian Committee For The International Science Affiliations;;;;;;;;;;;;;;;;;;;;
Nrc Participation In Rto International Network/European Association Of Research And Technology Organizations;;;;;;;;;;;;;;;;;;;;
National Research Council Research Activities;;;;Collaborative Research And Innovation;;;;;;;;;;;;;;;;
Grand Challenges Canada;;;;;;;;;;;;;;Research And Innovation For Developing Countries;Research And Innovation For Society Strategy;;;;;
Federal Science And Technology Infrastructure Initiative;;;;;;;;;;;;;;;;;;;;
Tri-Agency Research Support Fund;;;;;;;;;;;;;;;;;;;;
Cifar Research Program And Knowledge Mobilization Activities;;;;;;;;;;;;;;;;;;;;
Azrieli Global Scholars Program;;;;;;;;;;;;;;;;;;;;
Catalyst Funding;;;;;;;;;;;;;;;;;;;;
Exploration' Imagination' Innovation: A New Space Strategy For Canada;;;;;;;;;;;;;;;;;;;;
Codes And Standards For The Zero_Emission Vehicle Sector;;;;;;;;;;;;;;;;;;;;
Indigenous Off-Diesel Initiative Projects;;;;;;;;;;;;;;;;;;;;
Creation Of A Chief Science Advisor Position;;;;;;;;;;;;;;;;;;Strategic Policy Intelligence;;
Assistant Deputy Ministers Commmittee On S&T;;;;;;;;Horizontal Policy Coordination;;;;;;;;;;;;
Nserc Discovery Grants Program;;;;;;;;;;;;;;;;;;;;
Social Sciences And Humanities Research Council Of Canada (Sshrc) Talent, Insight And Connection Programs;;;;;;;;;;;;;;;;;;;;
Genome Canada;;;;Collaborative Research And Innovation;;Ethics Of Emerging Technologies;;;;;;;;;;;;;;
Canada First Research Excellence Fund;;;;;;;;;;;;;;;;;;;;
Canada Foundation For Innovation;;;;;;;;;;;;;;;;;;;;
Digital Research Infrastructure Strategy;;;;;;;;;;;;;Open Science And Enhanced Access To Publications And Research Data;;;;;;;
Canadian Open Data Exchange;;;;;;;;;;;;;Open Science And Enhanced Access To Publications And Research Data;;;;;;;
Open Government Portal;;;;;;;;;;;;;Open Science And Enhanced Access To Publications And Research Data;;;;;;;
Open Data Institute;;;;;;;;;;;;;Open Science And Enhanced Access To Publications And Research Data;;;;;;;
Mitacs Inc.;;;;Collaborative Research And Innovation;;;;;Intersectoral Mobility;;;Non-Financial Support To Business R&D And Innovation;;;;;;;;
College And Community Innovation Program;;;;Collaborative Research And Innovation;;;;;;;;;;;Research And Innovation For Society Strategy;;;;;
Youth Employment Program;;;;;;;;;Intersectoral Mobility;;;Non-Financial Support To Business R&D And Innovation;;;;;;;;
Industry Strategy Council;;;;;;;;;;;;;;;;;;Strategic Policy Intelligence;;
The Apec Policy Partnerships On St&I;;;;Collaborative Research And Innovation;;;;;;;;;;;;;;;;
Oecd Involvement;;;;;;;;;;;;;;;;;;;;
Canada 150 Research Chairs;;;;;;;;;;;;;;;;;;;;
Canadian 2019 Novel Coronavirus Rapid Research Funding Opportunity;;;;;;;;;;;;;;;;;;;;
Alliance Grant;;;;Collaborative Research And Innovation;;;;;;;;;;;;;;;;
Alliance Covid-19 Grant;;;;Collaborative Research And Innovation;;;;;;;;;;;;;;;;
Covid-19 Pandemic Response Challenge Program;;;;;;;;;;;;;;;;;;;;
Tri-Agency Statement Of Principle On Digital Data Management;;;;;;;;Horizontal Policy Coordination;;;;;;;;;;;;
Canadian Centre For Energy Information;;;;;;;;;;Multi-Stakeholder Engagement;;;;;;;;;;
Roadmap For Open Science;;;;;;;;Horizontal Policy Coordination;;;;;;;;;;;;
Triumf;;;;;;;;;;;;;;;;;;;;
Laboratories Canada;;;;;;;;;;;;;;;;;;;;
Canada Excellence Research Chairs;;;Cluster Policies;;;;;;;;;;;;;;;;;
Model Policy On Scientific Integrity;;;;;;;;;;;;;;;;;;;;
Health Portfolio Sex And Gender-Based Analysis Policy;;;;;;;;;;;;;;;;;;;;
Black Entrepreneurship Program;;Business Innovation Policy Strategies;;;;;Financial Support To Business R&D And Innovation;;;;;;;;;;;;Targeted Support To Smes;
Connection Program;;;;Collaborative Research And Innovation;;;;;;;;;;;;;;;;
Nrc Supercluster Support Program;;;Cluster Policies;;;;;;;;;;;;;;;;;
Collaborative Research And Training Experience Program;;;;Collaborative Research And Innovation;;;;;;;;;;;;;;;;
Canada's Intellectual Property Strategy;;;;;;;;;;;;;;;;;;;;
Canada Graduate Scholarships - Master Program;;;;;;;;;;;;;;;;;;;;
Global Talent Stream;;;;;;;;;;;;;;;;;;;;
Tri-Agency Parental Benefits For Awardees;;;;;;;;;;;;;;;;;;;;
Cancode;;;;;;;;;;;;;;;;Science, Technology And Innovation Culture;;;;
Student Work Placement Program;;;;;;;;;;;;;;;;;;;;
Collaborative Research And Training Experience;;;;;;;;;;;;;;;;;;;;
Health Research Training Strategy;;;;;;;;;;;;;;;;;;;;
Student Ambassadors;;;;;;;;;;Multi-Stakeholder Engagement;;;;;;;;;;
Young Innovators Grants;;;;;;;;;;Multi-Stakeholder Engagement;;;;;;;;;;
Strategic Action Plan On Training;;;;;;;;;;;;;;;;;;;;
Provincial Nominee Program;;;;;;;;;;;;;;;;;;;;
Start-Up Visa Pogram;;;;;;;;;;;;;;;;;;;;
Support For Equity , Diversity And Inclusion In Research;;;;;;;;;;;;;;;;;;;;
Forest Innovation Program;;;;;;;;;;;;;;;;;;;;
Pan-Canadian Framework On Clean Growth And Climate Change;;;;;;;;;;;;;;;;;;;;
A Healthy Environment And A Healthy Economy - Canada's Strengthened Climate Plan;;;;;;;;;;;;;;;;;;;;
Canada Ai Advisory Council;;;;;;Ethics Of Emerging Technologies;;;;;;;;;;;;;;
Global Alliance For Chronic Diseases;;;;Collaborative Research And Innovation;;;;;;;;;;;;;;;;
Culture Of Science Programs;;;;;;;;;;;;;;;;Science, Technology And Innovation Culture;;;;
Admare Bioinnovations;;;;;;;;;;;;;;;;;;;;
Policy On Service And Digital;;;;;;;;Horizontal Policy Coordination;;;;;Open Science And Enhanced Access To Publications And Research Data;;;;;;;
Innovation Assistance Program;;;;;;;Financial Support To Business R&D And Innovation;;;;;;;;;;;;;
Canada's Plan To Mobilize Science Covid-19;;;;;;;;;;;;;;;;;;;;
Innovative Solutions Canada Challenge And Testing Stream;;;;;;;;;;;;;;;;;;;;
Chief Science Advisor Expert Panel;;;;;;;;;;;;;;;;;;;;
Covid-19 Special Advisory Committee;;;;;;;;;;;;;;;;;;;;
Covid-19 Technical Advisory Committee;;;;;;;;;;;;;;;;;;;;
Covid-19 Exposure Notification App Advisory Council;;;;;;;;;;;;;;;;;;;;
Covid-19 Immunity Task Force;;;;;;;;;;;;;;;;;;;;
Covid-19 Supply Council;;;;;;;;;;;;;;;;;;;;
Covid-19 Vaccine Task Force;;;;;;;;;;;;;;;;;;;;
Equity, Diversity And Inclusion (Edi) Action Plan For The Tri-Agencies;;;;;;;;;;;;;;;;;;;;
Mobilizing Industry To Fight Covid-19;;;;;;;;;;;;;;;;;;;;
Strategic Innovation Fund: Medical Countermeasures;;;;;;;;;;;;;;;;;;;;
Idea To Innovation Grants;;;;;;;;;;;;;;;;;;;;
Canada Graduate Scholarships - Doctoral Program;;;;;;;;;;;;;;;;;;;;
Indigenous Student Ambassadors;;;;;;;;;;;;;;;;;;;;
Chairs For Women In Science And Engineering Program;;;;;;;;;;;;;;;;;;;;
Equity, Diversity And Inclusion Institutional Capacity-Building Grant;;;;;;;;;;;;;;;;;;;;
Dimensions Pilot Program;;;;;;;;;;;;;;;;;;;;
Nserc Grants Extension;;;;;;;;;;;;;;;;;;;;
Nserc Discovery Grants Extension;;;;;;;;;;;;;;;;;;;;
Cci Applied Research Rapid Response To Covid-19;;;;;;;;;;;;;;;;;;;;
Nserc Immediate Open Access For Covid-19 Research;;;;;;;;;;;;;;;;;;;;
Nserc Allowance And Reimbursement For Committee Members;;;;;;;;;;;;;;;;;;;;
Innovation For Defense Excellence And Security;;;;;;;Financial Support To Business R&D And Innovation;;;;;;;;;;;;;
Business & Higher Education Roundtable;;;;;;;;;;;;;;;;;;;;
Deputy Ministers Community Of Science And Technology;;;;;;;;;;;;;;;;;;;;
Tri-Agency Strengthening Indigenous Research Capacity Initiative;;;;;;;;;;;;;;;;;;;;
Discovery Frontiers;;;;;;;;;;;;;;;;;;;;
Discovery Grants - Northern Research Supplements Program;;;;;;;;;;;;;;;;;;;;
Undergraduate Student Research Awards;;;;;;;;;;;;;;;;;;;;
Experimentation Inventory;;;;;;;;;;;;;;;;;;;;
Actua;;;;;;;;;;;;;;;;;;;;
Pierre Elliott Trudeau Foundation;;;;;;;;;;;;;;;;;;;;
Agriculture And Agri-Food Canada Foreign Research Participant Program;;;;;;;;;;;;;;;;;;;;
Global Research Council Participation;;;;;;;;;;;;;;;;;;;;
Tri-Agency Research Data Management Policy;;;;;;;;;;;;;;;;;;;;
Science Promotion Activities;;;;;;;;;;;;;;;;;;;;
National Research Council Postdoctoral Fellowship Program;;;;;;;;;;;;;;;;;;;;
Trade Commissioner Sti Support Service;;;;;;;;;;;;;;;;;;;;
Digital Research Infrastructure Contribution Program;;;;;;;;;;;;;;;;;;;;
Collaborative Health Research Projects;;;;Collaborative Research And Innovation;;;;;;;;;;;;;;;;
Framework For Action On Global Health Research;;;;;;;;;;;;;;Research And Innovation For Developing Countries;;;;;;
Hydrogen Strategy For Canada;;;;;;;;;;;;;;;Research And Innovation For Society Strategy;;;;;
The Indigenous Off-Diesel Initiative;;;;;;;;;;;;;;;;;;;;
Canadian Emission Reduction Innovation Network;;;;;;;Financial Support To Business R&D And Innovation;;;;;;;;;;;;;
Breakthrough Energy Slutions Programme;;;;;;;;;;;;;;;;;;;;
Clean Growth Program;;;;;;;;;;;;;;;;;;;;
Energy Innovation Program;;;;Collaborative Research And Innovation;;;;;;;;;;;;;;;;
Electric Vehicle Infrastructure Demonstrations Program;;;;;;;;;;;;;;;;;;;;
National Security Guidelines For Research Partnerships;;;;Collaborative Research And Innovation;;;;Horizontal Policy Coordination;;;;;;;;;;;;
Cabinet Committee On The Federal Response To Covid-19;;;;;;;;;;;;;;;;;;;;
Health Portfolio Operations Centre;;;;;;;;;;;;;;;;;;;;
Federal/Provincial/Territorial Public Health Response Plan For Biological Events;;;;;;;;;;;;;;;;;;;;
One-Semester Extension For Eligible Students;;;;;;;;;;;;;;;;;;;;
Canada Research Continuity Emergency Fund;;;;;;;;;;;;;;;;;;;;
Exceptional Opportunities Fund For Covid-19 In Universities;;;;;;;;;;;;;;;;;;;;
Safeguarding Your Research Portal;;;;;;;;;;;;;;;;;;;;
;0;;;;;;;;;;;;;;;;;;;
