Japon;Artificial Intelligence (Ai);Business Innovation Policy Strategies;Cluster Policies;Collaborative Research And Innovation;Digital Transformation Of Firms;Ethics Of Emerging Technologies;Financial Support To Business R&D And Innovation;Horizontal Policy Coordination;Intersectoral Mobility;Multi-Stakeholder Engagement;National Sti Plan Or Strategy;Non-Financial Support To Business R&D And Innovation;Open Science And Enhanced Access To Publications And Research Data;Research And Innovation For Developing Countries;Research And Innovation For Society Strategy;Science, Technology And Innovation Culture;Stimulating Demand For Innovation And Market Creation;Strategic Policy Intelligence;Targeted Support To Smes;Transfer And Sharing Strategies
Science For Re-Designing Science, Technology And Innovation Policy;;;;;;;;;;;;;;;;;;Strategic Policy Intelligence;;
Mirai R&D Program;;;;;;;;;;;;;;;;;;;;
National Guideline For Management And Utilization Of Research Data Produced By Public Funds;;;;;;;;;;;;;;;;;;;;
Research Data Infrastructure For Open Science;;;;;;;;;;;;;Open Science And Enhanced Access To Publications And Research Data;;;;;;;
Advanced Research And Development Programs For Medical Innovation;;;;;;;;;;;;;Open Science And Enhanced Access To Publications And Research Data;;;;;;;
Strategic Basic Research Programs (Crest, Presto, Erato);;;;;;;;;;;;;;;;;;;;
Japan Science And Technology Information Aggregator, Electronic;;;;;;;;;;;;;;;;;;;;
International Joint Research Program;;;;;;;;;;;;;Open Science And Enhanced Access To Publications And Research Data;;;;;;;
A3 Foresight Program;;;;;;;;;;;;;;;;;;;;
Guidelines For Responding To Misconduct In Research;;;;;;;;;;;;;;;;;;;;
Angel Tax System;;;;;;;;;;;;;;;;;;;;
Japan Open Innovation Council;;;;;;;Financial Support To Business R&D And Innovation;;;;;;;;;;;;;
Program On Open Innovation Platform With Enterprises, Research Institute And Academia;;;;;;;;;;;;Non-Financial Support To Business R&D And Innovation;;;;;;;;
Program For Building Regional Innovation Ecosystems;;;;Collaborative Research And Innovation;;;;;;;;;;;;;;;;
Intellectual Property Utilization Support Program;;;Cluster Policies;;;;;;;;;;;;;;;;;
Accelerated Examination System For Universities Or Public Research Institutes;;;;;;;;;;;;;;;;;;;;
Global Science Campus;;;;;;;;;;;;;;;;;;;;
Fostering Next Generation Scientists Program;;;;;;;;;;;;;;;;;;;;
International Fellowships For Research In Japan;;;;;;;;;;;;;;;;;;;;
Overseas Challenge Program For Young Researchers;;;;;;;;;;;;;;;;;;;;
High Performance Computing Infrastructure Project;;;;;;;;;;;;;;;;;;;;
Advanced Integrated Intelligence Platform Project;;;;;;;;;;;;;;;;;;;;
Japanese-German Graduate Externship;;;;;Digital Transformation Of Firms;;;;;;;;;;;;;;;
Science Dialogue Program;;;;;;;;;;;;;;;;;;;;
Social Principles Of Human-Centric Ai;;;;;;;;;;;;;;;;Science, Technology And Innovation Culture;;;;
Ai R&D Guidelines;;;;;;Ethics Of Emerging Technologies;;;;;;;;;;;;;;
Ai Utilisation Guidelines;;;;;;Ethics Of Emerging Technologies;;;;;;;;;;;;;;
The Conference Toward Ai Network Society;;;;;;Ethics Of Emerging Technologies;;;;;;;;;;;;;;
Interstellar Initiative;;;;;;Ethics Of Emerging Technologies;;;;;;;;;;;;;;
Funding From The Japan Society For The Promotion Of Science;;;;;;;;;;;;;;;;;;;;
Promotion Of Large Scientific Research Projects;;;;;;;;;;;;;;;;;;;;
Strategic Development Program For Young Researchers;;;;;;;;;;;;;;;;;;;;
Integrated Innovation Strategy Promotion Council;;;;;;;;;;;;;;;;;;;;
Enhancing An Innovation-Friendly Environment In National Universities;;;;;;;;Horizontal Policy Coordination;;;;;;;;;;;;
Moonshot Research And Development Program;;;;;;;;;;;;;;;;;;;;
Beyond The Limits, Unlock Our Potential: Startup Strategy;;;;;;;;;;;;;;;;;;;;
Cross-Ministerial Strategic Innovation Promotion Program;;Business Innovation Policy Strategies;;;;;;;;;;;;;;;;;;
Legal Regulation Of Autonomous Driving Technology;;;;;;;Financial Support To Business R&D And Innovation;;;;;;;;;;;;;
Governance Innovation;;;;;;Ethics Of Emerging Technologies;;;;;;;;;;;;;;
Integrated Innovation Strategy;;;;;;Ethics Of Emerging Technologies;;;;;;;;;;;;;;
Council For Science, Technology And Innovation;;;;;;;;;;;;;;;;;;;;
Japan Science And Technology Agency;;;;;;;;Horizontal Policy Coordination;;;;;;;;;;Strategic Policy Intelligence;;
New Energy Industrial Technology Development Organisation;;;;;;;;;;;;;;;;;;;;
World Premier International Research Center Initiative;;;;Collaborative Research And Innovation;;;;;;;;;;;;;;;;
Adaptable And Seamless Technology Transfer Programme Through Target-Driven R&D;;;;;;;;;;;;;;;;;;;;
Center Of Innovation Science And Technology Based Radical Innovation And Entrepreneurship Program;;;Cluster Policies;Collaborative Research And Innovation;;;;;;;;;;;;;;;;
Legal Framework For Technology Licensing Organisations;;;;Collaborative Research And Innovation;;;;;;;;;;;;;;;;
R&D Tax Credit;;;;;;;;;;;;;;;;;;;;
Small Business Innovation Research;;;;;;;Financial Support To Business R&D And Innovation;;;;;;;;;;;;;
Green Public Procurement;;;;;;;Financial Support To Business R&D And Innovation;;;;;;;;;;;;Targeted Support To Smes;
Offshore Wind Power Technology Development And Field Tests;;;;;;;;;;;;;;;;;Stimulating Demand For Innovation And Market Creation;;;
Development Of Innovative Energy Efficiency Technologies;;;;;;;;;;;;;;;;;;;;
R&D Projects For A Fusion Demo Reactor;;;;;;;Financial Support To Business R&D And Innovation;;;;;;;;;;;;;
Support For Carbon Neutrality In The Maritime And Port Fields;;;;;;;;;;;;;;;;;;;;
Memorandum Of Cooperation On Hydrogen Between Japan And Uae;;;;;;;;;;;;;;;;;;;;
Building Of Consortia For The Development Of Human Resources In Science And Technology;;;;;;;;;;;;;;;;;;;;
Leading Initiative For Excellent Young Researchers;;;;;;;;;Intersectoral Mobility;;;;;;;;;;;
E-Asia Joint Research Program;;;;;;;;;Intersectoral Mobility;;;;;;;;;;;
International Collaborative Research Program For Tackling The Ntds Challenges In African Countries;;;;;;;;;;;;;;;;;;;;
Core-To-Core Program;;;;;;;;;;;;;;Research And Innovation For Developing Countries;;;;;;
S&T Research Partnership For Sustainable Development;;;;;;;;;;;;;;;;;;;;
Strategic International Collaborative Research Programme;;;;;;;;;;;;;;Research And Innovation For Developing Countries;;;;;;
Strategic International Cooperative Programme;;;;;;;;;;;;;;;;;;;;
Bilateral Collaborations;;;;;;;;;;;;;;;;;;;;
Bridge Fellowship Programme;;;;;;;;;;;;;;;;;;;;
Overseas Research Fellowships;;;;;;;;;;;;;;;;;;;;
Super Science High School;;;;;;;;;;;;;;;;;;;;
Programme For Leading Graduate Schools;;;;;;;;;;;;;;;;;;;;
Research Fellowships For Young Scientists;;;;;;;;;;;;;;;;;;;;
Initiative For Realizing Diversity In The Research Environment;;;;;;;;;;;;;;;;;;;;
Japan Research Career Information Network Portal?Jrec-In Portal?;;;;;;;;;;;;;;;;;;;;
Entrepreneurship Education;;;;;;;;;Intersectoral Mobility;;;;;;;;;;;
Funding On Research Facilities And Equipment During Covid-19;;;;;;;;;;;;;;;;;;;;
Guidelines On Employment And Training Of Postdoctoral Researchers;;;;;;;;;;;;;;;;;;;;
The Survey On Postdoctoral Fellows Regarding Employment And Careers In Japan;;;;;;;;;;;;;;;;;;;;
Green Growth Strategy Through Achieving Carbon Neutrality In 2050;;;;;;;;;;;;;;;;;;;;
Environment Innovation Strategy;;;;;;;;;;;;;;;;;;;;
Tokyo “Beyond-Zero” Week;;;;;;;;;;;;;;;;;;;;
Green Innovation Fund;;;;;;;;;;;;;;;;;;;;
Global Zero Emission Research Centre;;;;;;;;;;;;;;;;;;;;
Research And Development Programme For Promoting Innovative Clean Energy Technologies Through International Collaboration;;;;;;;;;;;;;;;;;;;;
A Financing Policy For Government's Financial Institution To Support Startups;;;;;;;;;;;;;;;;;;;;
Entrepreneurship Education;;;;;;;;;;;;;;;;;;;;
Legal Framework For Municipalities To Support Startups;;;;;;;;;;;;;;;;;;;;
Mentoring By The Organisation For Small And Medium Enterprices And Regional Innovation;;;;;;;;;;;;;;;;;;;;
Establishment Of University Fellowships Towards The Creation Of Science Technology Innovation;;;;;;;;;;;;;;;;;;;;
Support Pioneering Research Initiated By The Next Generation;;;;;;;;;;;;;;;;;;;;
Policy Measures For Ensuring Research Integrity In The Global And Open Research Environment;;;;;;;;;;;;;;;;;;;;
Asia And Pacific Research Centre;;;;;;;;;;;;;;;;;;;;
Fusion Oriented Research For Disruptive Science And Technology;;;;;;;;;;;;;;;;;;;;
6th Science, Technology And Innovation Basic Plan;;;;;;;;;;;;;;;;;;;;
"Mirai R&D Programme ""Low Carbon Society"" Mission Area";;;;;;;;;;;;;;;;;;;;
Novel Coronavirus Response Headquarters;;;;;;;;;;;;;;;;;;;;
